name|email|birthdate
Fatima|Quisque.varius@Integervitae.org|11-25-01
Katelyn|mi.pede.nonummy@Sedid.ca|11-27-03
Gillian|odio.semper@sodalesMaurisblandit.org|02-19-14
Preston|faucibus.orci@lacusQuisque.edu|08-07-09
Priscilla|semper.auctor@cursusvestibulum.co.uk|08-12-01
Zena|ante@magnaPraesent.com|11-24-11
Oren|rutrum.eu.ultrices@nec.org|01-12-07
Jamalia|Phasellus.vitae.mauris@vel.org|05-17-17
Libby|velit.eu@Maecenasmi.edu|07-29-17
Finn|natoque.penatibus@lectusa.net|06-23-10
Graiden|neque.Nullam@hendreritidante.com|09-18-10
Kitra|quis.tristique@estmollis.com|11-18-02
Baxter|vitae.mauris@sed.org|04-12-17
Margaret|ullamcorper@nec.ca|08-16-04
Sopoline|vitae.diam@velitQuisquevarius.co.uk|09-03-06
Flynn|eget.varius@magnased.org|08-28-14
Beck|arcu.et.pede@idblandit.co.uk|01-14-06
Sheila|natoque.penatibus.et@mattis.com|09-01-20
Francis|ligula.Aliquam@nullaatsem.ca|08-25-14
Harrison|nec.urna@loremauctorquis.com|02-10-16
Imogene|malesuada.id@nibh.com|04-19-03
Moana|sit@Morbinequetellus.net|07-05-03
Kamal|pede.Nunc.sed@Proindolor.ca|01-14-01
Fiona|nulla.at@Sedmalesuadaaugue.net|02-07-01
Yuri|pharetra@cursuspurusNullam.edu|12-03-19
Nichole|aliquet@euenim.org|04-06-03
Irma|elit@pedeCras.net|04-29-18
Leilani|et.ultrices@semegestasblandit.edu|10-25-14
Rashad|imperdiet.nec@convallisligulaDonec.co.uk|02-09-11
Jerry|augue@imperdiet.edu|08-28-02
Thomas|mauris@utodio.com|09-30-10
Yvette|ligula@Aliquam.edu|03-03-04
Hashim|Integer.sem@pede.co.uk|07-29-07
Theodore|ut.pharetra@egetipsumDonec.org|08-11-05
Basil|facilisis.vitae@Curae.ca|08-31-15
Blythe|lacinia@vehiculaPellentesquetincidunt.co.uk|10-05-02
Suki|Suspendisse.commodo.tincidunt@velit.co.uk|04-17-07
Mia|vulputate.velit@etmagnisdis.org|08-03-07
Chastity|venenatis.lacus.Etiam@quisurna.edu|12-07-05
Natalie|at.libero@feugiatplacerat.org|06-25-14
Scarlet|ac.fermentum@ullamcorpereu.edu|09-13-00
Gage|dolor.Fusce@ametlorem.edu|03-25-20
Miranda|auctor.nunc@magnisdis.ca|09-20-02
Nicole|elit@egestasSed.co.uk|09-08-15
Tatyana|nec.urna@sagittis.co.uk|09-24-12
Marcia|consectetuer@fringilla.co.uk|05-12-19
Germaine|eget.ipsum@dui.ca|09-08-04
Keith|Sed.et@nisimagna.net|12-20-05
Zephr|Praesent.interdum.ligula@eu.edu|06-17-17
Preston|accumsan.convallis.ante@sociisnatoquepenatibus.ca|08-30-08
Stone|elit.sed@leoinlobortis.ca|09-30-02
Phelan|Nam.ligula.elit@Sedpharetra.ca|03-29-02
Colton|risus.Donec@blanditcongueIn.co.uk|04-28-11
Stuart|senectus.et.netus@sit.com|03-24-09
Brendan|enim.mi.tempor@nectempusscelerisque.edu|09-16-20
Eden|velit.egestas.lacinia@non.com|07-13-04
Geoffrey|Donec.egestas@ullamcorperDuis.co.uk|11-02-11
Xantha|libero.at.auctor@mauris.ca|09-17-00
Dylan|primis.in.faucibus@tortorIntegeraliquam.net|08-25-20
Claire|pede@sagittissemperNam.ca|05-23-13
Hayden|sed@Nam.org|02-24-09
Russell|laoreet@infaucibus.net|03-06-04
Ingrid|tincidunt.nibh@disparturient.co.uk|12-23-05
Michael|orci.consectetuer@porttitorscelerisqueneque.com|06-30-18
Elton|sem.molestie.sodales@vitaesemperegestas.edu|03-07-01
Zena|sed@malesuadamalesuadaInteger.net|12-23-14
Emi|dictum.eu@lorem.org|06-15-02
Walter|non@loremacrisus.edu|08-27-08
Jason|scelerisque.dui@maurissitamet.net|08-30-19
Shannon|elit@sempercursus.net|10-31-13
Seth|Aliquam.nec@eu.ca|10-30-09
Magee|dui@odiosagittis.com|11-01-02
Kasper|Praesent@Proinvel.edu|08-02-18
Chester|et@orciPhasellus.org|11-04-07
Cadman|a.sollicitudin@enimconsequat.com|12-03-15
Erich|ligula.eu@sociosquadlitora.org|10-07-06
Allegra|lorem@Suspendisse.edu|02-05-08
Quemby|Curae.Donec@imperdietnonvestibulum.co.uk|09-28-06
Beverly|ullamcorper@temporeratneque.net|11-17-08
Kylee|luctus.felis.purus@variusultrices.net|01-16-04
Aidan|Curae@sempereratin.net|10-15-08
India|luctus@et.com|08-03-02
Asher|dictum.Proin@in.edu|07-02-07
Illana|interdum.libero@sitamet.com|08-05-21
Maxine|enim.commodo.hendrerit@consequat.com|08-04-02
Rashad|convallis.in@dapibusquam.org|07-19-20
Pearl|facilisis.Suspendisse@arcuMorbi.co.uk|05-13-10
Yael|facilisis.eget.ipsum@placerat.edu|09-19-17
Michael|facilisi.Sed@consequat.co.uk|07-08-21
Lawrence|luctus.Curabitur@lectusantedictum.ca|06-02-09
Raja|et.rutrum@orciinconsequat.edu|02-13-11
Irene|fermentum@maurisut.com|09-03-02
Perry|velit@Pellentesqueut.co.uk|09-30-08
Kellie|elit.Curabitur@erat.net|07-08-02
Quemby|sed@sedest.ca|07-09-15
Adrienne|Sed@faucibus.edu|03-06-01
Quintessa|Aliquam.adipiscing@urna.org|08-21-07
Baxter|blandit.at.nisi@Donec.edu|01-15-01
Rylee|at@cursus.net|07-12-16
Keegan|eu.lacus.Quisque@Inscelerisquescelerisque.net|12-23-05